EXPEDIENTE,ADMINISTRADO,UBIGEO,DEPARTAMENTO,PROVINCIA,DISTRITO,TEMA,INCUMPLIMIENTO,RESOLUCION,MULTA,AMONESTACION_ESCRITA,REMOCION,ARCHIVO,MEDIDA_CORRECTIVA,ANIO,MES,FECHA_CORTE
022-2022-PAS,EPS TACNA SA,230101,TACNA,TACNA,TACNA,Solicitud de ampliación de plazo,Resolucion 157-2022-SUNASS-DS,1-2023-SUNASS-DS,0,0,0,0,0,2023,202301,20231031
PAS-003-2022-SUNASS-ODS-SMA,EMAPA SAN MARTIN SA,220901,SAN MARTIN,SAN MARTIN,TARAPOTO,Estructura tarifaria,No aplicar ajustes por IPM/Proporcionar con retraso la información solicitada,2-2023-SUNASS-DS,0,0,0,1,0,2023,202301,20231031
061-2022-PAS,EPS SEDAM HUANCAYO SA,120101,JUNIN,HUANCAYO,HUANCAYO,Cobros indebidos,No implementar MC,3-2023-SUNASS-DS,0.98,0,0,0,1,2023,202301,20231031
062-2022-PAS,EPS MUNICIPAL MANTARO SA,120401,JUNIN,JAUJA,JAUJA,Cobros indebidos,No implementar MC,4-2023-SUNASS-DS,0.43,0,0,0,1,2023,202301,20231031
057-2022-PAS,SEDALIB SA,130101,LA LIBERTAD,TRUJILLO,TRUJILLO,"Metas sobre Monitoreo y Gestión de Aguas Subterráneas	",ICG e ICI a nivel de EPS menores al 90%,5-2023-SUNASS-DS,9.1,0,0,0,0,2023,202301,20231031
063-2022-PAS,SEDACHIMBOTE SA,21801,ANCASH,SANTA,CHIMBOTE,Cobros en exceso y cobros indebidos,No implementar MC,6-2023-SUNASS-DS,0.06,0,0,0,0,2023,202301,20231031
064-2022-PAS,EPS SEDAJULIACA SA,211101,PUNO,SAN ROMAN,JULIACA,Buen gobierno corporativo,No implementar MC,7-2023-SUNASS-DS,0.03,0,0,0,0,2023,202301,20231031
PAS-002-2022SUNASS-ODS-CAJ,EPS MARAÑON SA,60801,CAJAMARCA,JAEN,JAEN,Metas de gestión,ICG menor al 85% e ICI a nivel de EPS y localidad menores al 80%,8-2023-SUNASS-DS,0.31,0,0,0,0,2023,202301,20231031
069-2022-PAS,EPS GRAU SA,200101,PIURA,PIURA,PIURA,Supervisión,"Numeral 30, item F del Anexo 4",9-2023-SUNASS-DS,15,0,0,0,0,2023,202301,20231031
066-2022-PAS,EPS SEDA LORETO SA,160101,LORETO,MAYNAS,IQUITOS,Cobros en exceso,No implementar MC,10-2023-SUNASS-DS,0.09,0,0,0,3,2023,202301,20231031
PAS-001-2022-SUNASS-ODS-LOR,EPS SEDA LORETO SA,160101,LORETO,MAYNAS,IQUITOS,Cobros en exceso,No implementar MC,11-2023-SUNASS-DS,3.77,0,0,0,3,2023,202301,20231031
070-2022-PAS,EPS GRAU SA,200101,PIURA,PIURA,PIURA,Atención de problemas operacionales ,Numeral 14 del item C del Anexo 4,12-2023-SUNASS-DS,119.89,0,0,0,0,2023,202301,20231031
053-2022-PAS,EPS GRAU SA,200101,PIURA,PIURA,PIURA,Rectificación de error material,Resolución 218-2022-SUNASS-DS,13-2023-SUNASS-DS,0,0,0,0,0,2023,202301,20231031
068-2022-PAS,UNIDAD EJECUTORA 002: AGUA TUMBES,240101,TUMBES,TUMBES,TUMBES,Operacionales,No implementar MC,14-2023-SUNASS-DS,0.58,0,0,0,0,2023,202301,20231031
078-2022-PAS,EMSAPA YAULI LA OROYA SRL,120801,JUNIN,YAULI,LA OROYA,VMA,"Numeral 58, item K del Anexo 4",15-2023-SUNASS-DS,2,0,0,0,0,2023,202301,20231031
PAS-007-2022-SUNASS-ODS-PIU,EPS GRAU SA,200101,PIURA,PIURA,PIURA,Supervisión,"Numeral 30, item F del Anexo 4",16-2023-SUNASS-DS,15,0,0,0,0,2023,202301,20231031
PAS-0003-2022-SUNASS-ODS-LAM,EPSEL SA,140101,LAMBAYEQUE,CHICLAYO,CHICLAYO,Supervisión,"Numeral 30, item F del Anexo 4",17-2023-SUNASS-DS,0,0,0,1,0,2023,202301,20231031
PAS-006-2022-SUNASS-ODS-CHI,SEDACHIMBOTE SA,21801,ANCASH,SANTA,CHIMBOTE,Estructura tarifaria,No aplicar ajustes por IPM,18-2023-SUNASS-DS,0,0,0,1,0,2023,202301,20231031
075-2022-PAS,EPS RIOJA SA,220801,SAN MARTIN,RIOJA,RIOJA,VMA,"Numeral 58, item K del Anexo 4",19-2023-SUNASS-DS,2,0,0,0,0,2023,202301,20231031
PAS-0005-2022-SUNASS-ODS-AYA,SEDA AYACUCHO SA,50101,AYACUCHO,HUAMANGA,AYACUCHO,Fondos y/o reservas,No implementar MC,20-2023-SUNASS-DS,0,0,0,1,0,2023,202301,20231031
072-2022-PAS,EPS SEDACUSCO SA,80108,CUSCO,CUSCO,WANCHAQ,Comercial,No implementar MC,21-2023-SUNASS-DS,0.005,0,0,0,0,2023,202301,20231031
073-2022-PAS,EPS SEDACUSCO SA,80108,CUSCO,CUSCO,WANCHAQ,Comercial,No implementar MC,22-2023-SUNASS-DS,0.24,0,0,0,0,2023,202301,20231031
071-2022-PAS,EPS SEDAM HUANCAYO SA,120101,JUNIN,HUANCAYO,HUANCAYO,Operacionales,No implementar MC,23-2023-SUNASS-DS,0.02,0,0,0,0,2023,202301,20231031
076-2022-PAS,EPS BARRANCA SA,150201,LIMA,BARRANCA,BARRANCA,VMA,"Numeral 55, item K del Anexo 4",24-2023-SUNASS-DS,6.91,0,0,0,0,2023,202301,20231031
074-2022-PAS,Jorge Aspillaga Valderrama- Gte. Operaciones- EPSEL SA,140101,LAMBAYEQUE,CHICLAYO,CHICLAYO,Buen gobierno corporativo,"Numeral 75-E, item L del Anexo N° 4",25-2023-SUNASS-DS,0,0,0,0,0,2023,202302,20231031
034-2022-PAS,EPS SEMAPACH SA,110201,ICA,CHINCHA,CHINCHA ALTA,Cobros en exceso,No implementar MC,26-2023-SUNASS-DS,62.69,0,0,0,0,2023,202302,20231031
037-2022-PAS,EPS CHAVIN SA,20101,ANCASH,HUARAZ,HUARAZ,Solicitud de ampliación de plazo,Resolucion 198-2022-SUNASS-DS,27-2023-SUNASS-DS,0,0,0,0,0,2023,202302,20231031
PAS-005-2022-SUNASS-ODS-JUN,EPS SIERRA CENTRAL SRL,120701,JUNIN,TARMA,TARMA,Fondos y/o reservas,No efectuar desembolsos en Reserva,28-2023-SUNASS-DS,0,1,0,0,0,2023,202302,20231031
PAS-003-2022-SUNASS-ODS-HUA,EMAPA HUANCAVELICA SA,90101,HUANCAVELICA,HUANCAVELICA,HUANCAVELICA,Calidad de facturación,No implementar MC,29-2023-SUNASS-DS,1.22,0,0,0,0,2023,202302,20231031
PAS-007-2022-SUNASS-ODS-AYA,SEDA AYACUCHO SA,50101,AYACUCHO,HUAMANGA,AYACUCHO,Supervisión,"Numeral 30, item F del Anexo 4",30-2023-SUNASS-DS,0,0,0,1,0,2023,202302,20231031
080-2022-PAS,EPS EMSAP CHANKA SA,30201,APURIMAC,ANDAHUAYLAS,ANDAHUAYLAS,Cobros en exceso,No implementar MC,31-2023-SUNASS-DS,0.09,0,0,0,1,2023,202302,20231031
079-2022-PAS,EMAPA SAN MARTIN SA,220901,SAN MARTIN,SAN MARTIN,TARAPOTO,Operacionales,No implementar MC,32-2023-SUNASS-DS,0.67,0,0,0,0,2023,202302,20231031
005-2022-SUNASS-ODS-CUS,EPS EMAQ SRL ,80901,CUSCO,LA CONVENCION,SANTA ANA,Metas de gestión,ICG menor al 85% e ICI a nivel de EPS menor al 80%,33-2023-SUNASS-DS,9.71,0,0,0,0,2023,202302,20231031
PAS-003-2022-SUNASS-ODS-CAJ,EPS MARAÑON SA,60801,CAJAMARCA,JAEN,JAEN,Cobros en exceso,No implementar MC,34-2023-SUNASS-DS,0.1,0,0,0,2,2023,202302,20231031
PAS-0002-2022-SUNASS-ODS-APU,EPS EMUSAP ABANCAY SA,30101,APURIMAC,ABANCAY,ABANCAY,Supervisión,"Numeral 30, item F del Anexo 4",35-2023-SUNASS-DS,0,0,0,1,0,2023,202302,20231031
091-2022-PAS,EPSEL SA,140101,LAMBAYEQUE,CHICLAYO,CHICLAYO,Supervisión,"Numeral 30, item F del Anexo 4",36-2023-SUNASS-DS,15,0,0,0,0,2023,202302,20231031
082-2022-PAS,EPS EMAQ SRL ,80901,CUSCO,LA CONVENCION,SANTA ANA,VMA,"Numeral 58, item K del Anexo 4",37-2023-SUNASS-DS,2,0,0,0,0,2023,202302,20231031
090-2022-PAS,EPSEL SA,140101,LAMBAYEQUE,CHICLAYO,CHICLAYO,Supervisión,"Numeral 30, item F del Anexo 4",38-2023-SUNASS-DS,15,0,0,0,0,2023,202302,20231031
PAS-004-2022-SUNASS-ODS-LAM,EPSEL SA,140101,LAMBAYEQUE,CHICLAYO,CHICLAYO,Operacionales,No implementar MC,39-2023-SUNASS-DS,0.34,0,0,0,0,2023,202302,20231031
033-2022-PAS,EMAPA SAN MARTIN SA,220901,SAN MARTIN,SAN MARTIN,TARAPOTO,Calidad de facturación,No implementar MC,40-2023-SUNASS-DS,1.48,0,0,0,0,2023,202302,20231031
PAS-003-2022-SUNASS-ODS-TAC,EPS TACNA SA,230101,TACNA,TACNA,TACNA,Constitución de fondos ,No implementar MC,41-2023-SUNASS-DS,0,0,0,1,0,2023,202302,20231031
008-2022-SUNASS-ODS-PIU,EPS GRAU SA,200101,PIURA,PIURA,PIURA,Operacionales,No implementar MC,42-2023-SUNASS-DS,14.55,0,0,0,0,2023,202302,20231031
081-2022-PAS,SEDAPAL SA,150111,LIMA,LIMA,EL AGUSTINO,"Metas sobre Monitoreo y Gestión de Uso de Aguas Subterráneas	",ICG e ICI a nivel de EPS menores al 90%,43-2023-SUNASS-DS,173.41,0,0,0,0,2023,202302,20231031
PAS-005-2022-SUNASS-ODS-TUM,UNIDAD EJECUTORA 002: AGUA TUMBES,240101,TUMBES,TUMBES,TUMBES,Operacionales y Comercial,No implementar MC,44-2023-SUNASS-DS,0,1,0,0,0,2023,202302,20231031
PAS-004-2022-SUNASS-ODS-TUM,UNIDAD EJECUTORA 002: AGUA TUMBES,240101,TUMBES,TUMBES,TUMBES,Operacionales y Comercial,No implementar MC,45-2023-SUNASS-DS,2.13,0,0,0,0,2023,202302,20231031
083-2022-PAS,EPS GRAU SA,200101,PIURA,PIURA,PIURA,Operacionales,No implementar MC,46-2023-SUNASS-DS,0.12,0,0,0,0,2023,202302,20231031
PAS-006-2022-SUNASS-ODS-TUM,UNIDAD EJECUTORA 002: AGUA TUMBES,240101,TUMBES,TUMBES,TUMBES,Operacionales ,No implementar MC,47-2023-SUNASS-DS,16.65,0,0,0,0,2023,202302,20231031
PAS-004-2022-SUNASS-ODS-HUA,EMAPA HUANCAVELICA SA,90101,HUANCAVELICA,HUANCAVELICA,HUANCAVELICA,Programas de mantenimiento (agua potable) y ejecución (agua potable y alcantarillado),"Numerales 20, 21  y  21-A del item C",48-2023-SUNASS-DS,3.71,0,0,0,0,2023,202303,20231031
003-2022-SUNASS-ODS-HUR,EPS CHAVIN SA,20101,ANCASH,HUARAZ,HUARAZ,Cobros en exceso,No implementar MC,49-2023-SUNASS-DS,1.22,0,0,0,3,2023,202303,20231031
084-2022-PAS,EPS GRAU SA,200101,PIURA,PIURA,PIURA,Operacionales,No implementar MC,50-2023-SUNASS-DS,3.65,0,0,0,0,2023,202303,20231031
085-2022-PAS,EMAPACOP SA,250101,UCAYALI,CORONEL PORTILLO,CALLERIA,Cobros en exceso,No implementar MC,51-2023-SUNASS-DS,0.06,0,0,0,1,2023,202303,20231031
PAS-005-2022-SUNASS-ODS-HUA,EMAPA HUANCAVELICA SA,90101,HUANCAVELICA,HUANCAVELICA,HUANCAVELICA,Operacionales,No implementar MC,52-2023-SUNASS-DS,0.01,0,0,0,0,2023,202303,20231031
PAS-001-2022-SUNASS-ODS-PAS,EMAPA PASCO SA,190113,PASCO,PASCO,YANACANCHA,Operacionales,No implementar MC,53-2023-SUNASS-DS,0,0,0,0,0,2023,202303,20231031
088-2022-PAS,EMAPA HUARAL SA,150601,LIMA,HUARAL,HUARAL,Metas de gestión/Fiscalización,ICG menor al 85% e ICI a nivel de EPS menor al 80% y numeral 30 del item F,54-2023-SUNASS-DS,14.95,0,0,0,0,2023,202303,20231031
087-2022-PAS,EMAPA CAÑETE SA,150507,LIMA,CAÑETE,IMPERIAL,Atención de reclamos,No implementar MC,55-2023-SUNASS-DS,0,0,0,1,0,2023,202303,20231031
PAS-002-2022-SUNASS-ODS-HUN,EPS SEDA HUANUCO SA,100101,HUANUCO,HUANUCO,HUANUCO,Publicación de ajustes por IPM,Numeral 41 del item F,56-2023-SUNASS-DS,0,0,0,1,0,2023,202303,20231031
086-2022-PAS,EPS GRAU SA,200101,PIURA,PIURA,PIURA,Operacionales/ Cobros en exceso,No implementar MC,57-2023-SUNASS-DS,5.04,0,0,0,1,2023,202303,20231031
089-2022-PAS,EMAPA CAÑETE SA,150507,LIMA,CAÑETE,IMPERIAL,Metas de gestión,ICG menor al 85% e ICI a nivel de EPS y localidad menores al 80%,58-2023-SUNASS-DS,7.82,0,0,0,0,2023,202303,20231031
093-2022-PAS,EPS GRAU SA,200101,PIURA,PIURA,PIURA,Supervisión,"Numeral 30, item F del Anexo 4",59-2023-SUNASS-DS,15,0,0,0,0,2023,202303,20231031
PAS-0002-2022-SUNASS-ODS-AMA,EPSSMU SA,10701,AMAZONAS,UTCUBAMBA,BAGUA GRANDE,Estructura tarifaria,No aplicar ajustes por IPM,60-2023-SUNASS-DS,0,1,0,0,0,2023,202303,20231031
PAS-0006-2022-SUNASS-ODS-CUS,EPS EMAQ SRL ,80901,CUSCO,LA CONVENCION,SANTA ANA,Estructura tarifaria,No implementar MC,61-2023-SUNASS-DS,0,0,0,1,0,2023,202303,20231031
PAS-0007-2022-SUNASS-ODS-CHI,SEDACHIMBOTE SA,21801,ANCASH,SANTA,CHIMBOTE,Operacionales,No implementar MC,62-2023-SUNASS-DS,0.04,0,0,0,0,2023,202303,20231031
092-2022-PAS,EPS EMAPAT SA,170101,MADRE DE DIOS,TAMBOPATA,TAMBOPATA,Comercial,No implementar MC,63-2023-SUNASS-DS,0,0,0,1,0,2023,202303,20231031
PAS-007-2022-ODS-TUM,UNIDAD EJECUTORA 002: AGUA TUMBES,240101,TUMBES,TUMBES,TUMBES,Operacionales,No implementar MC,64-2023-SUNASS-DS,0,1,0,0,0,2023,202303,20231031
094-2022-PAS,EPSEL SA,140101,LAMBAYEQUE,CHICLAYO,CHICLAYO,Supervisión,"Numeral 30, item F del Anexo 4",65-2023-SUNASS-DS,15,0,0,0,0,2023,202303,20231031
PAS-0009-2022-SUNASS-ODS-PIU,EPS GRAU SA,200101,PIURA,PIURA,PIURA,Operacionales,No implementar MC,66-2023-SUNASS-DS,25.84,0,0,0,0,2023,202303,20231031
095-2022-PAS,EPS SEDA LORETO SA,160101,LORETO,MAYNAS,IQUITOS,Comercial,No implementar MC,67-2023-SUNASS-DS,0.54,0,0,0,0,2023,202303,20231031
096-2022-PAS,EPS GRAU SA,200101,PIURA,PIURA,PIURA,Supervisión,"Numeral 30, item F del Anexo 4",68-2023-SUNASS-DS,15,0,0,0,0,2023,202303,20231031
002-2022-SUNASS-ODS-PAS,EMAPA PASCO SA,190113,PASCO,PASCO,YANACANCHA,Operacionales,No implementar MC,69-2023-SUNASS-DS,0.22,0,0,0,0,2023,202303,20231031
PAS-010-2022-SUNASS-ODS-PIU,EPS GRAU SA,200101,PIURA,PIURA,PIURA,Operacionales y Comercial,No implementar MC,70-2023-SUNASS-DS,0.19,0,0,0,1,2023,202303,20231031
097-2022-PAS,EMAPA HUARAL SA,150601,LIMA,HUARAL,HUARAL,Fondos y/o reservas,No efectuar desembolsos en Reserva,71-2023-SUNASS-DS,0,0,0,1,0,2023,202303,20231031
112-2022-PAS,EPS BARRANCA SA,150201,LIMA,BARRANCA,BARRANCA,Fondos y/o reservas,No efectuar desembolsos en Reserva,72-2023-SUNASS-DS,0,1,0,0,0,2023,202303,20231031
PAS-004-2022-SUNASS-ODS-TUM,UNIDAD EJECUTORA 002: AGUA TUMBES,240101,TUMBES,TUMBES,TUMBES,Operacionales y Comercial,No implementar MC,73-2023-SUNASS-DS,0,0,0,0,0,2023,202303,20231031
PAS-007-2022-SUNASS-ODS-JUN,EPS SEDAM HUANCAYO SA,120101,JUNIN,HUANCAYO,HUANCAYO,Fondos y/o reservas,No efectuar desembolsos en Reserva,74-2023-SUNASS-DS,9.35,0,0,0,0,2023,202303,20231031
PAS-007-2022-SUNASS-ODS-CUS,EPS EMSAPA CALCA SA,80401,CUSCO,CALCA,CALCA,Supervisión,"Numeral 30, item F del Anexo 4",75-2023-SUNASS-DS,0,1,0,0,0,2023,202303,20231031
PAS-011-2022-SUNASS-ODS-PIU,EPS GRAU SA,200101,PIURA,PIURA,PIURA,Operacionales,No implementar MC,76-2023-SUNASS-DS,0,0,0,1,0,2023,202303,20231031
PAS 004-2022-SUNASS-ODS-CAJ,EPS MARAÑON SA,60801,CAJAMARCA,JAEN,JAEN,Supervisión,"Numeral 30, item F del Anexo 4",77-2023-SUNASS-DS,10,0,0,0,0,2023,202303,20231031
PAS-0012-2022-SUNASS-ODS-PIU,EPS GRAU SA,200101,PIURA,PIURA,PIURA,Operacionales,No implementar MC,78-2023-SUNASS-DS,0.73,0,0,0,0,2023,202303,20231031
100-2022-PAS,EMAPA HUARAL SA,150601,LIMA,HUARAL,HUARAL,Operacionales,No implementar MC,79-2023-SUNASS-DS,2.04,0,0,0,0,2023,202303,20231031
099-2022-PAS,SEDAPAR SA,40101,AREQUIPA,AREQUIPA,AREQUIPA,Operacionales,No implementar MC,80-2023-SUNASS-DS,4.01,0,0,0,0,2023,202303,20231031
101-2022-PAS,EPS GRAU SA,200101,PIURA,PIURA,PIURA,Supervisión,"Numeral 30, item F del Anexo 4",81-2023-SUNASS-DS,15,0,0,0,0,2023,202304,20231031
103-2022-PAS,EPS GRAU SA,200101,PIURA,PIURA,PIURA,Supervisión,"Numeral 30, item F del Anexo 4",82-2023-SUNASS-DS,15,0,0,0,0,2023,202304,20231031
098-2022-PAS,UNIDAD EJECUTORA 002: AGUA TUMBES,240101,TUMBES,TUMBES,TUMBES,Operacionales y Comercial,No implementar MC,83-2023-SUNASS-DS,6.54,0,0,0,2,2023,202304,20231031
102-2022-PAS,EPS GRAU SA,200101,PIURA,PIURA,PIURA,Supervisión,"Numeral 30, item F del Anexo 4",84-2023-SUNASS-DS,15,0,0,0,0,2023,202304,20231031
PAS-008-2022-SUNASS-ODS-TUM,UNIDAD EJECUTORA 002: AGUA TUMBES,240101,TUMBES,TUMBES,TUMBES,Operacionales,No implementar MC,85-2023-SUNASS-DS,1.03,0,0,0,0,2023,202304,20231031
PAS-0001-2022-SUNASS-ODS-MOQ,EPS ILO SA,180301,MOQUEGUA,ILO,ILO,Metas de gestión, ICI a nivel de EPS menor al 80% ,86-2023-SUNASS-DS,0,0,0,1,0,2023,202304,20231031
PAS-002-2022-SUNASS-ODS-LOR,EPS SEDA LORETO SA,160101,LORETO,MAYNAS,IQUITOS,Cobros en exceso,No implementar MC,87-2023-SUNASS-DS,0,1,0,0,2,2023,202304,20231031
PAS-001-2022-SUNASS-ODS-UCA,EMAPACOP SA,250101,UCAYALI,CORONEL PORTILLO,CALLERIA,Fondos y/o reservas,Utilizar para fines distintos los recursos del Fondo de inversión,88-2023-SUNASS-DS,0,0,0,1,0,2023,202304,20231031
PAS-015-2022-SUNASS-ODS-PIU,EPS GRAU SA,200101,PIURA,PIURA,PIURA,Cobros en exceso,No implementar MC,89-2023-SUNASS-DS,0.17,0,0,0,0,2023,202304,20231031
PAS-014-2022-SUNASS-ODS-PIU,EPS GRAU SA,200101,PIURA,PIURA,PIURA,Comercial,No implementar MC,90-2023-SUNASS-DS,0,0,0,1,0,2023,202304,20231031
PAS-013-2022-SUNASS-ODS-PIU,EPS GRAU SA,200101,PIURA,PIURA,PIURA,Operacionales y Comercial,No implementar MC,91-2023-SUNASS-DS,4.05,0,0,0,1,2023,202304,20231031
PAS-003-2022-SUNASS-ODS-PUN,EPS SEDAJULIACA SA,211101,PUNO,SAN ROMAN,JULIACA,Operacionales ,No implementar MC,92-2023-SUNASS-DS,0,0,0,1,0,2023,202304,20231031
104-2022-PAS,UNIDAD EJECUTORA 002: AGUA TUMBES,240101,TUMBES,TUMBES,TUMBES,Cobros en exceso,No implementar MC,93-2023-SUNASS-DS,0,1,0,0,0,2023,202304,20231031
PAS-003-2022-SUNASS-ODS-LOR,EPS SEDA LORETO SA,160101,LORETO,MAYNAS,IQUITOS,Operacionales y Comercial,No implementar MC,94-2023-SUNASS-DS,0,0,0,1,0,2023,202304,20231031
106-2022-PAS,EMAPA HUARAL SA,150601,LIMA,HUARAL,HUARAL,Comercial,No implementar MC,95-2023-SUNASS-DS,0.0003,0,0,0,0,2023,202304,20231031
PAS-004-2022-SUNASS-ODS-PUN,EPS SEDAJULIACA SA,211101,PUNO,SAN ROMAN,JULIACA,Operacionales,No implementar MC,96-2023-SUNASS-DS,1.41,0,0,0,0,2023,202304,20231031
PAS-0011-2022-SUNASS-ODS-LAM,EPSEL SA,140101,LAMBAYEQUE,CHICLAYO,CHICLAYO,Operacionales,No implementar MC,97-2023-SUNASS-DS,0.5,0,0,0,0,2023,202304,20231031
PAS-009-2022-SUNASS-ODS-LAM,EPSEL SA,140101,LAMBAYEQUE,CHICLAYO,CHICLAYO,Plan Maestro Optimizado (PMO),No presentar a la Sunass el PMO a mas tardar antes de los diez meses,98-2023-SUNASS-DS,22.06,0,0,0,0,2023,202304,20231031
107-2022-PAS,EMAPA CAÑETE SA,150507,LIMA,CAÑETE,IMPERIAL,Metas de gestión,ICG menor al 85% e ICI a nivel de EPS y localidad menores al 80%,99-2023-SUNASS-DS,4.67,0,0,0,0,2023,202304,20231031
105-2022-PAS,EPS BARRANCA SA,150201,LIMA,BARRANCA,BARRANCA,Operacionales y Comercial,No implementar MC,100-2023-SUNASS-DS,0.67,0,0,0,2,2023,202304,20231031
006-2022-SUNASS-ODS-AYA,SEDA AYACUCHO SA,50101,AYACUCHO,HUAMANGA,AYACUCHO,Fondos y/o reservas,No implementar MC,101-2023-SUNASS-DS,0,0,0,1,0,2023,202305,20231031
PAS-009-2022-SUNASS-ODS-TUM,UNIDAD EJECUTORA 002: AGUA TUMBES,240101,TUMBES,TUMBES,TUMBES,Operacionales,No implementar MC,102-2023-SUNASS-DS,0,1,0,0,0,2023,202305,20231031
PAS-016-2022-SUNASS-ODS-PIU,EPS GRAU SA,200101,PIURA,PIURA,PIURA,Cobros en exceso,No implementar MC,103-2023-SUNASS-DS,0.02,0,0,0,1,2023,202305,20231031
108-2022-PAS,EPS MUNICIPAL MANTARO SA,120401,JUNIN,JAUJA,JAUJA,Operacionales,No implementar MC,104-2023-SUNASS-DS,0,0,0,1,0,2023,202305,20231031
PAS-002-2022-SUNASS-ODS-ICA,EMAPISCO SA,110501,ICA,PISCO,PISCO,Supervisión,"Numeral 30, item F del Anexo 4",105-2023-SUNASS-DS,0,0,0,1,0,2023,202305,20231031
PAS-008-2022-SUNASS-ODS-CHI,SEDACHIMBOTE SA,21801,ANCASH,SANTA,CHIMBOTE,Regulatorio (PMO),No implementar MC,106-2023-SUNASS-DS,0,1,0,0,0,2023,202305,20231031
PAS-007-2022-SUNASS-ODS-HUA,EMAPA HUANCAVELICA SA,90101,HUANCAVELICA,HUANCAVELICA,HUANCAVELICA,Metas de gestión, ICI a nivel de EPS menor al 80% ,107-2023-SUNASS-DS,0,1,0,0,0,2023,202305,20231031
PAS-008-2022-SUNASS-ODS-TUM,UNIDAD EJECUTORA 002: AGUA TUMBES,240101,TUMBES,TUMBES,TUMBES,Operacionales,No implementar MC,108-2023-SUNASS-DS,1.03,0,0,0,0,2023,202305,20231031
PAS-006-2022-SUNASS-ODS-JUN,EPS MUNICIPAL MANTARO SA,120401,JUNIN,JAUJA,JAUJA,Metas de gestión,ICG menor al 85% e ICI a nivel de EPS y localidad menores al 80%,109-2023-SUNASS-DS,0.63,0,0,0,0,2023,202305,20231031
110-2022-PAS,EPS GRAU SA,200101,PIURA,PIURA,PIURA,Supervisión,"Numeral 30, item F del Anexo 4 (Proporcionar información insuficiente)",110-2023-SUNASS-DS,15,0,0,0,0,2023,202305,20231031
098-2022-PAS,UNIDAD EJECUTORA 002: AGUA TUMBES,240101,TUMBES,TUMBES,TUMBES,Operacionales y Comercial,No implementar MC,111-2023-SUNASS-DS,6.45,0,0,0,1,2023,202305,20231031
PAS-0004-2022-SUNASS-ODS-APU,EPS EMSAP CHANKA SA,30201,APURIMAC,ANDAHUAYLAS,ANDAHUAYLAS,Información en el recibo de pago,"Numeral 37, item F del Anexo 4",112-2023-SUNASS-DS,0,0,0,1,0,2023,202305,20231031
PAS-018-2022-SUNASS-ODS-PIU,EPS GRAU SA,200101,PIURA,PIURA,PIURA,Operacionales y Comercial,No implementar MC,113-2023-SUNASS-DS,0,0,0,1,0,2023,202305,20231031
PAS-0010-2022-SUNASS-ODS-TUM,UNIDAD EJECUTORA 002: AGUA TUMBES,240101,TUMBES,TUMBES,TUMBES,Estructura tarifaria,No aplicar ajustes por IPM,114-2023-SUNASS-DS,0,0,0,1,0,2023,202305,20231031
PAS-008-2022-SUNASS-ODS-JUN,EPS SELVA CENTRAL SA,120301,JUNIN,CHANCHAMYO,CHANCHAMAYO,Fondos y/o reservas,No efectuar desembolsos en Fondo de inversión y  Reserva. Utilizar para fines distintos el FI,115-2023-SUNASS-DS,35.09,0,0,0,1,2023,202305,20231031
PAS-0017-2022-SUNASS-ODS-PIU,EPS GRAU SA,200101,PIURA,PIURA,PIURA,Operacionales y Comercial,No implementar MC,116-2023-SUNASS-DS,0,0,0,1,0,2023,202305,20231031
117-2022-PAS,EPS GRAU SA,200101,PIURA,PIURA,PIURA,Supervisión,"Numeral 30, item F del Anexo 4",117-2023-SUNASS-DS,15,0,0,0,0,2023,202305,20231031
109-2022-PAS,EMSAPUNO SA,210101,PUNO,PUNO,PUNO,VMA,Numerales 57 y 60 del item K del Anexo 4,118-2023-SUNASS-DS,4.26,0,0,0,0,2023,202305,20231031
115-2022-PAS,EPS GRAU SA,200101,PIURA,PIURA,PIURA,Operacionales ,No implementar MC,119-2023-SUNASS-DS,0.69,0,0,0,0,2023,202305,20231031
116-2022-PAS,EPS GRAU SA,200101,PIURA,PIURA,PIURA,Operacionales ,No implementar MC,120-2023-SUNASS-DS,0.3,0,0,0,0,2023,202305,20231031
PAS-003-2022-SUNASS-ODS-APU,EPS EMUSAP ABANCAY SA,30101,APURIMAC,ABANCAY,ABANCAY,Fondos y/o reservas,"Utilizar fondo de inversiones y numeral 29, item F del Anexo 4",121-2023-SUNASS-DS,0,0,0,1,0,2023,202305,20231031
PAS-019-2022-SUNASS-ODS-PIU,EPS GRAU SA,200101,PIURA,PIURA,PIURA,Operacionales,No implementar MC,122-2023-SUNASS-DS,0.007,0,0,0,0,2023,202305,20231031
113-2022-PAS,SEDAPAL SA,150111,LIMA,LIMA,EL AGUSTINO,Comercial,No implementar MC,123-2023-SUNASS-DS,0,0,0,1,0,2023,202305,20231031
PAS-0005-2022-SUNASS-ODS-LAM,EPSEL SA,140101,LAMBAYEQUE,CHICLAYO,CHICLAYO,Operacionales,No implementar MC,124-2023-SUNASS-DS,0.01,0,0,0,0,2023,202305,20231031
122-2022-PAS,EPS GRAU SA,200101,PIURA,PIURA,PIURA,Operacionales,No implementar MC,125-2023-SUNASS-DS,0.01,0,0,0,0,2023,202305,20231031
114-2022-PAS,EPS GRAU SA,200101,PIURA,PIURA,PIURA,Operacionales ,No implementar MC,126-2023-SUNASS-DS,0.76,0,0,0,0,2023,202305,20231031
118-2022-PAS,EPSEL SA,140101,LAMBAYEQUE,CHICLAYO,CHICLAYO,Operacionales ,No implementar MC,127-2023-SUNASS-DS,4.24,0,0,0,0,2023,202305,20231031
PAS-008-2022-SUNASS-ODS-AYA,SEDA AYACUCHO SA,50101,AYACUCHO,HUAMANGA,AYACUCHO,Fondos y/o reservas,No implementar MC,128-2023-SUNASS-DS,0,0,0,1,0,2023,202305,20231031
PAS-0004-2022-SUNASS-ODS-HUR,EPS CHAVIN SA,20101,ANCASH,HUARAZ,HUARAZ,Comercial,No implementar MC,129-2023-SUNASS-DS,0,0,0,1,0,2023,202305,20231031
121-2022-PAS,EPS GRAU SA,200101,PIURA,PIURA,PIURA,Operacionales ,No implementar MC,130-2023-SUNASS-DS,1.4,0,0,0,0,2023,202306,20231031
PAS-0004-2022-SUNASS-ODS-TAC,EPS TACNA SA,230101,TACNA,TACNA,TACNA,Supervisión,"Numeral 29 (información inexacta), item F del Anexo 4",131-2023-SUNASS-DS,0,0,0,1,0,2023,202306,20231031
PAS-007-2022-SUNASS-ODS-LAM,EPSEL SA,140101,LAMBAYEQUE,CHICLAYO,CHICLAYO,Operacionales ,No implementar MC,132-2023-SUNASS-DS,1.29,0,0,0,0,2023,202306,20231031
124-2022-PAS,EPS BARRANCA SA,150201,LIMA,BARRANCA,BARRANCA,Operacionales (PTAR),No implementar MC,133-2023-SUNASS-DS,5.33,0,0,0,0,2023,202306,20231031
120-2022-PAS,EPS GRAU SA,200101,PIURA,PIURA,PIURA,Operacionales ,No implementar MC,134-2023-SUNASS-DS,0.13,0,0,0,0,2023,202306,20231031
PAS-0008-2022-SUNASS-ODS-LAM,EPSEL SA,140101,LAMBAYEQUE,CHICLAYO,CHICLAYO,Supervisión,"Numeral 30, item F del Anexo 4",135-2023-SUNASS-DS,15,0,0,0,0,2023,202306,20231031
119-2022-PAS,EPS GRAU SA,200101,PIURA,PIURA,PIURA,Operacionales ,No implementar MC,136-2023-SUNASS-DS,2.03,0,0,0,0,2023,202306,20231031
123-2022-PAS,EPSEL SA,140101,LAMBAYEQUE,CHICLAYO,CHICLAYO,Operacionales ,No implementar MC,137-2023-SUNASS-DS,0.01,0,0,0,0,2023,202306,20231031
134-2022-PAS,EPS SEDA HUANUCO SA,100101,HUANUCO,HUANUCO,HUANUCO,Supervisión,"Numeral 30, item F del Anexo 4",138-2023-SUNASS-DS,0,1,0,0,0,2023,202306,20231031
PAS-009-2022-SUNASS-ODS-JUN,EPS SEDAM HUANCAYO SA,120101,JUNIN,HUANCAYO,HUANCAYO,Regulatorio (PMO),No implementar MC,139-2023-SUNASS-DS,0.53,0,0,0,0,2023,202306,20231031
131-2022-PAS,EPSEL SA,140101,LAMBAYEQUE,CHICLAYO,CHICLAYO,Operacionales ,No implementar MC,140-2023-SUNASS-DS,0,0,0,1,0,2023,202306,20231031
PAS-001-2023-SUNASS-ODS-JUN,EMSAPA YAULI LA OROYA SRL,120801,JUNIN,YAULI,LA OROYA,Operacionales ,No implementar MC,141-2023-SUNASS-DS,0,0,0,1,0,2023,202306,20231031
PAS-006-2022-SUNASS-ODS-LAM,EPSEL SA,140101,LAMBAYEQUE,CHICLAYO,CHICLAYO,Operacionales ,No implementar MC,142-2023-SUNASS-DS,0.17,0,0,0,0,2023,202306,20231031
PAS-0003-2022-SUNASS-ODS-PAS,EMAPA PASCO SA,190113,PASCO,PASCO,YANACANCHA,Metas de gestión,ICG menor al 85% e ICI a nivel de EPS y localidad menores al 80%,143-2023-SUNASS-DS,0.88,0,0,0,0,2023,202306,20231031
PAS-021-2022-SUNASS-ODS-PIU,EPS GRAU SA,200101,PIURA,PIURA,PIURA,Operacionales ,No implementar MC,144-2023-SUNASS-DS,81.68,0,0,0,0,2023,202306,20231031
PAS 001-2022-SUNASS-ODS-HUN,EPS SEDA HUANUCO SA,100101,HUANUCO,HUANUCO,HUANUCO,Supervisión,"Numeral 30, item F del Anexo 4",145-2023-SUNASS-DS,10,0,0,0,0,2023,202306,20231031
129-2022-PAS,EPS GRAU SA,200101,PIURA,PIURA,PIURA,Operacionales ,No implementar MC,146-2023-SUNASS-DS,0.01,0,0,0,0,2023,202306,20231031
125-2022-PAS,EPS GRAU SA,200101,PIURA,PIURA,PIURA,Cobros en exceso,No implementar MC,147-2023-SUNASS-DS,0.15,0,0,0,1,2023,202306,20231031
133-2022-PAS,EPS GRAU SA,200101,PIURA,PIURA,PIURA,Supervisión,"Numeral 30, item F del Anexo 4",148-2023-SUNASS-DS,15,0,0,0,0,2023,202306,20231031
126-2022-PAS,EPSEL SA,140101,LAMBAYEQUE,CHICLAYO,CHICLAYO,Operacionales ,No implementar MC,149-2023-SUNASS-DS y 154-2023-SUNASS-DS,0,0,0,1,0,2023,202306,20231031
111-2022-PAS,Martín Royci Soto Romero (Gte Gral EPS MOQUEGUA SA),180101,MOQUEGUA,MARISCAL NIETO,MOQUEGUA,Buen gobierno corporativo,Numeral 64 del item L del Anexo N° 4,150-2023-SUNASS-DS,0,0,0,0,0,2023,202306,20231031
PAS-024-2022-SUNASS-ODS-PIU,EPS GRAU SA,200101,PIURA,PIURA,PIURA,Supervisión,"Numeral 30, item F del Anexo 4",151-2023-SUNASS-DS,15,0,0,0,0,2023,202306,20231031
PAS-020-2022-SUNASS-ODS-PIU,EPS GRAU SA,200101,PIURA,PIURA,PIURA,Operacionales ,No implementar MC,152-2023-SUNASS-DS,0.01,0,0,0,0,2023,202306,20231031
PAS-005-2022-SUNASS-ODS-PUN,EMAPA Y SRL ,210101,PUNO,PUNO,PUNO,Supervisión,"Numeral 30, item F del Anexo 4",153-2023-SUNASS-DS,0,1,0,0,0,2023,202306,20231031
126-2022-PAS,EPSEL SA,140101,LAMBAYEQUE,CHICLAYO,CHICLAYO,Rectificación de error material,Resolución 149-2023-SUNASS-DS,154-2023-SUNASS-DS,0,0,0,0,0,2023,202306,20231031
127-2022-PAS,EMAPA HUARAL SA,150601,LIMA,HUARAL,HUARAL,VMA,Numerales 55 y 61 del item K del Anexo 4,155-2023-SUNASS-DS,5.88,0,0,0,0,2023,202306,20231031
PAS-0022-2022-SUNASS-ODS-PIU,EPS GRAU SA,200101,PIURA,PIURA,PIURA,Operacionales ,No implementar MC,156-2023-SUNASS-DS,13.08,0,0,0,0,2023,202306,20231031
128-2022-PAS,EPS GRAU SA,200101,PIURA,PIURA,PIURA,Operacionales ,No implementar MC,157-2023-SUNASS-DS,0.02,0,0,0,0,2023,202306,20231031
132-2022-PAS,EPS BARRANCA SA,150201,LIMA,BARRANCA,BARRANCA,Comercial,No implementar MC,158-2023-SUNASS-DS,0,0,0,1,0,2023,202306,20231031
130-2022-PAS,EMSAPUNO SA,210101,PUNO,PUNO,PUNO,Operacionales (PTAR),No implementar MC,159-2023-SUNASS-DS,18.83,0,0,0,0,2023,202306,20231031
PAS-023-2022-SUNASS-ODS-PIU,EPS GRAU SA,200101,PIURA,PIURA,PIURA,Operacionales ,No implementar MC,160-2023-SUNASS-DS,1.09,0,0,0,0,2023,202306,20231031
PAS-0006-2022-SUNASS-ODS-PUN,EMAPA Y SRL ,210101,PUNO,PUNO,PUNO,Supervisión,"Numeral 30, item F del Anexo 4",161-2023-SUNASS-DS,3.06,0,0,0,0,2023,202307,20231031
141-2022-PAS,EPSEL SA,140101,LAMBAYEQUE,CHICLAYO,CHICLAYO,VMA,No implementar MC,162-2023-SUNASS-DS,0,0,0,1,0,2023,202307,20231031
005-2022-SUNASS-ODS-LOR,EPS SEDA LORETO SA,160101,LORETO,MAYNAS,IQUITOS,Parque de medidores,No implementar MC,163-2023-SUNASS-DS,0,0,0,1,0,2023,202307,20231031
PAS-008-2022-SUNASS-ODS-HUA,EMAPA HUANCAVELICA SA,90101,HUANCAVELICA,HUANCAVELICA,HUANCAVELICA,Operacionales ,No implementar MC,164-2023-SUNASS-DS,0,0,0,1,0,2023,202307,20231031
135-2022-PAS,EPS NOR PUNO S.A.,210101,PUNO,PUNO,PUNO,VMA,No implementar MC,165-2023-SUNASS-DS,0.18,0,0,0,0,2023,202307,20231031
PAS-004-2022-SUNASS-ODS-LOR,EPS SEDA LORETO SA,160101,LORETO,MAYNAS,IQUITOS,Cobros en exceso,No implementar MC,166-2023-SUNASS-DS,0.57,0,0,0,2,2023,202307,20231031
136-2022-PAS,EPS GRAU SA,200101,PIURA,PIURA,PIURA,Operacionales ,No implementar MC,167-2023-SUNASS-DS,2.46,0,0,0,0,2023,202307,20231031
PAS-0010-2022-SUNASS-ODS-LAM,EPSEL SA,140101,LAMBAYEQUE,CHICLAYO,CHICLAYO,Operacionales ,No implementar MC,168-2023-SUNASS-DS,0.28,0,0,0,0,2023,202307,20231031
PAS-006-2022-SUNASS-ODS-HUA,EMAPA HUANCAVELICA SA,90101,HUANCAVELICA,HUANCAVELICA,HUANCAVELICA,Operacionales ,Numerales 35 y 38-A del item F,169-2023-SUNASS-DS,1.2,0,0,0,0,2023,202307,20231031
138-2022-PAS,EMAPA CAÑETE SA,150507,LIMA,CAÑETE,IMPERIAL,Cobros indebidos,No implementar MC,170-2023-SUNASS-DS,0,1,0,0,1,2023,202307,20231031
139-2022-PAS,SEDAPAR SA,40101,AREQUIPA,AREQUIPA,AREQUIPA,Comercial,No implementar MC,171-2023-SUNASS-DS,0.02,0,0,0,0,2023,202307,20231031
PAS-003-2023-SUNASS-ODS-SMA,EPS RIOJA SA,220801,SAN MARTIN,RIOJA,RIOJA,Supervisión,"Numeral 30, item F del Anexo 4",172-2023-SUNASS-DS,5,0,0,0,0,2023,202307,20231031
137-2022-PAS,SEDAPAL SA,150111,LIMA,LIMA,EL AGUSTINO,Operacionales ,No implementar MC,173-2023-SUNASS-DS,5.68,0,0,0,0,2023,202307,20231031
PAS-007-2022-SUNASS-ODS-PUN,EMSAPUNO SA,210101,PUNO,PUNO,PUNO,Supervisión,"Numeral 30, item F del Anexo 4",174-2023-SUNASS-DS,10,0,0,0,0,2023,202307,20231031
PAS-0025-2022-SUNASS-ODS-PIU,EPS GRAU SA,200101,PIURA,PIURA,PIURA,Operacionales ,No implementar MC,175-2023-SUNASS-DS,11.03,0,0,0,0,2023,202307,20231031
140-2022-PAS,EPS GRAU SA,200101,PIURA,PIURA,PIURA,Operacionales ,No implementar MC,176-2023-SUNASS-DS,0.04,0,0,0,0,2023,202307,20231031
142-2022-PAS,EPS CHAVIN SA,20101,ANCASH,HUARAZ,HUARAZ,Operacionales ,No implementar MC,177-2023-SUNASS-DS,4.81,0,0,0,0,2023,202307,20231031
153-2022-PAS,EPS GRAU SA,200101,PIURA,PIURA,PIURA,Supervisión,"Numeral 30, item F del Anexo 4",178-2023-SUNASS-DS,15,0,0,0,0,2023,202307,20231031
029-2022-PAS,Francisco Cruz Castillo (ex gte gral de EPSSMU SA),10701,AMAZONAS,UTCUBAMBA,BAGUA GRANDE,Buen gobierno corporativo,Numeral 64 del item L del Anexo N° 4,179-2023-SUNASS-DS,0,0,0,1,0,2023,202307,20231031
PAS-0001-2023-SUNASS-ODS-LAM,EPSEL SA,140101,LAMBAYEQUE,CHICLAYO,CHICLAYO,Operacionales ,No implementar MC,180-2023-SUNASS-DS,0.09,0,0,0,0,2023,202307,20231031
143-2022-PAS,EMAPA CAÑETE SA,150507,LIMA,CAÑETE,IMPERIAL,Comercial,No implementar MC,181-2023-SUNASS-DS,0.1,0,0,0,0,2023,202307,20231031
PAS-027-2022-SUNASS-ODS-PIU,EPS GRAU SA,200101,PIURA,PIURA,PIURA,Operacionales ,No implementar MC,182-2023-SUNASS-DS,0.16,0,0,0,0,2023,202307,20231031
PAS-0010-2022-SUNASS-ODS-JUN,EMSAPA YAULI LA OROYA SRL,120801,JUNIN,YAULI,LA OROYA,Cobros indebidos,No implementar MC,183-2023-SUNASS-DS,0.79,0,0,0,0,2023,202307,20231031
PAS-0026-2022-SUNASS-ODS-PIU,EPS GRAU SA,200101,PIURA,PIURA,PIURA,Operacionales y comercial,No implementar MC,184-2023-SUNASS-DS,0,0,0,1,0,2023,202307,20231031
144-2022-PAS,SEDAPAL SA,150111,LIMA,LIMA,EL AGUSTINO,Operacionales ,No implementar MC,185-2023-SUNASS-DS,0.74,0,0,0,0,2023,202307,20231031
PAS-005-2022-SUNASS-ODS-TAC,EPS TACNA SA,230101,TACNA,TACNA,TACNA,Operacionales ,No implementar MC,186-2023-SUNASS-DS,1.43,0,0,0,0,2023,202307,20231031
148-2022-PAS,EPS SEDAM HUANCAYO SA,120101,JUNIN,HUANCAYO,HUANCAYO,Comercial,No implementar MC,187-2023-SUNASS-DS,0.5,0,0,0,1,2023,202307,20231031
145-2022-PAS,SEDAPAL SA,150111,LIMA,LIMA,EL AGUSTINO,"Metas sobre Monitoreo y Gestión de Uso de Aguas Subterráneas	",ICG e ICI a nivel de EPS menores al 90%,188-2023-SUNASS-DS,500,0,0,0,0,2023,202307,20231031
046-2023-PAS,EPS BARRANCA SA,150201,LIMA,BARRANCA,BARRANCA,Registro de interrupciones ,"Numeral 35, item F del Anexo 4",189-2023-SUNASS-DS,0,0,0,1,0,2023,202308,20231031
051-2023-PAS,EMAPA HUARAL SA,150601,LIMA,HUARAL,HUARAL,Registro de interrupciones ,"Numeral 35, item F del Anexo 4",190-2023-SUNASS-DS,0,0,0,1,0,2023,202308,20231031
052-2023-PAS,EPS EMAPA CAÑETE SA,150507,LIMA,CAÑETE,IMPERIAL,Registro de interrupciones ,"Numeral 35, item F del Anexo 4",191-2023-SUNASS-DS,0,0,0,1,0,2023,202308,20231031
048-2023-PAS,EPS AGUAS DE LIMA NORTE SA,150805,LIMA,HUAURA,HUALMAY,Registro de interrupciones ,"Numeral 35, item F del Anexo 4",192-2023-SUNASS-DS,0,0,0,1,0,2023,202308,20231031
018-2023-PAS,EPS EMAPA CAÑETE SA,150507,LIMA,CAÑETE,IMPERIAL,Registro de interrupciones y comunicacion a usuarios,"Numeral 35 y 38-A, item F del Anexo 4",193-2023-SUNASS-DS,0,0,0,1,0,2023,202308,20231031
149-2022-PAS,EPS GRAU SA,200101,PIURA,PIURA,PIURA,Operacionales,No implementar MC,194-2023-SUNASS-DS,0.04,0,0,0,0,2023,202308,20231031
PAS-011-2022-SUNASS-ODS-TUM,UNIDAD EJECUTORA 002: AGUA TUMBES,240101,TUMBES,TUMBES,TUMBES,Estructura tarifaria,No aplicar ajustes por IPM,195-2023-SUNASS-DS,0,0,0,1,0,2023,202308,20231031
154-2022-PAS,EMAPA HUARAL SA,150601,LIMA,HUARAL,HUARAL,Fiscalización,"Numeral 30, item F del Anexo 4",196-2023-SUNASS-DS,10,0,0,0,0,2023,202308,20231031
147-2022-PAS,Fredy Rodriguez Vega (Gerente General de SEDALIB SA),130101,LA LIBERTAD,TRUJILLO,TRUJILLO,Buen gobierno corporativo,Numeral 64 del item L del Anexo N° 4,197-2023-SUNASS-DS,0,0,1,0,0,2023,202308,20231031
PAS-028-2022-SUNASS-ODS-PIU,EPS GRAU SA,200101,PIURA,PIURA,PIURA,Atención de denuncias,No implementar MC,198-2023-SUNASS-DS,0,0,0,1,0,2023,202308,20231031
PAS-0002-2023-SUNASS-ODS-CHI,SEDACHIMBOTE SA,21801,ANCASH,SANTA,CHIMBOTE,Registro de interrupciones y comunicacion a usuarios,"Numeral 35 y 38-A, item F del Anexo 4",199-2023-SUNASS-DS,0,0,0,1,0,2023,202308,20231031
PAS-004-2022-SUNASS-ODS-ICA,EMAPISCO SA,110501,ICA,PISCO,PISCO,Fiscalización,"Numeral 30, item F del Anexo 4",200-2023-SUNASS-DS,0,0,0,1,0,2023,202308,20231031
151-2022-PAS,EPS GRAU SA,200101,PIURA,PIURA,PIURA,Cobros en exceso,No implementar MC,201-2023-SUNASS-DS,0.06,0,0,0,1,2023,202308,20231031
PAS-0008-2022-SUNASS-ODS-PUN,EMSAPUNO SA,210101,PUNO,PUNO,PUNO,Fiscalización,"Numeral 30, item F del Anexo 4",202-2023-SUNASS-DS,0,0,0,1,0,2023,202308,20231031
159-2022-PAS,EPS SELVA CENTRAL SA,120301,JUNIN,CHANCHAMYO,CHANCHAMAYO,Operacionales - PTAP,No implementar MC,203-2023-SUNASS-DS,0.38,0,0,0,0,2023,202308,20231031
152-2022-PAS,EPS GRAU SA,200101,PIURA,PIURA,PIURA,Comercial,No implementar MC,204-2023-SUNASS-DS,0.22,0,0,0,0,2023,202308,20231031
004-2023-PAS,Raúl Adolfo Linares Manchego (Gerente General de EPS EMAPICA SA),110101,ICA,ICA,ICA,Buen gobierno corporativo,Numeral 65-O del item L del Anexo 4,205-2023-SUNASS-DS,0,1,0,0,0,2023,202308,20231031
150-2022-PAS,EPS SELVA CENTRAL SA,120301,JUNIN,CHANCHAMYO,CHANCHAMAYO,Operacionales,No implementar MC,206-2023-SUNASS-DS,4.21,0,0,0,0,2023,202308,20231031
PAS-0001-2023-SUNASS-ODS-SMA,EMAPA SAN MARTIN SA,220901,SAN MARTIN,SAN MARTIN,TARAPOTO,Fondos y/o reservas,Utilizar para fines distintos recursos del Fondo de inversiones,207-2023-SUNASS-DS,0,0,0,1,0,2023,202308,20231031
PAS-0003-2023-SUNASS-ODS-LAM,EPSEL SA,140101,LAMBAYEQUE,CHICLAYO,CHICLAYO,Cobros en exceso,No implementar MC,208-2023-SUNASS-DS,0,0,0,1,0,2023,202308,20231031
PAS-004-2023-SUNASS-ODS-ARE,SEDAPAR SA,40101,AREQUIPA,AREQUIPA,AREQUIPA,Compromiso de Cese,Numeral 61 del item K del Anexo 4,209-2023-SUNASS-DS,0,0,0,0,0,2023,202308,20231031
PAS-005-2022-SUNASS-ODS-HUR,EPS CHAVIN SA,20101,ANCASH,HUARAZ,HUARAZ,Cobros en exceso,No implementar MC,210-2023-SUNASS-DS,1.39,0,0,0,0,2023,202308,20231031
PAS-0029-2022-SUNASS-ODS-PIU,EPS GRAU SA,200101,PIURA,PIURA,PIURA,Cobros en exceso,No implementar MC,211-2023-SUNASS-DS,0,0,0,1,0,2023,202308,20231031
PAS-0002-2023-SUNASS-ODS-LAM,EPSEL SA,140101,LAMBAYEQUE,CHICLAYO,CHICLAYO,Fiscalización,"Numeral 30, item F del Anexo 4",212-2023-SUNASS-DS,13.5,0,0,0,0,2023,202308,20231031
155-2022-PAS,SEDAPAR SA,40101,AREQUIPA,AREQUIPA,AREQUIPA,Fiscalización,"Numeral 30, item F del Anexo 4 (Proporcionar información insuficiente)",213-2023-SUNASS-DS,15,0,0,0,0,2023,202308,20231031
PAS-0002-2023-SUNASS-ODS-PIU,EPS GRAU SA,200101,PIURA,PIURA,PIURA,Operacionales y comercial,No implementar MC,214-2023-SUNASS-DS,0,0,0,1,0,2023,202308,20231031
PAS-001-2023-SUNASS-ODS-CUS,EPS SEDACUSCO SA,80108,CUSCO,CUSCO,WANCHAQ,Fondos y/o reservas,Utilizar para fines distintos recursos del Fondo de inversiones y no efectuar desembolsos en reservas,215-2023-SUNASS-DS,100,0,0,0,1,2023,202308,20231031
157-2022-PAS,EPSEL SA,140101,LAMBAYEQUE,CHICLAYO,CHICLAYO,Comercial,No implementar MC,216-2023-SUNASS-DS,0.28,0,0,0,0,2023,202308,20231031
PAS-0001-2023-SUNASS-ODS-TAC,EPS TACNA SA,230101,TACNA,TACNA,TACNA,Estructura tarifaria,No aplicar ajustes por IPM,217-2023-SUNASS-DS,0,1,0,0,0,2023,202308,20231031
009-2023-PAS,EPS SEDAM HUANCAYO SA,120101,JUNIN,HUANCAYO,HUANCAYO,Fiscalización,"Numeral 30, item F del Anexo 4",218-2023-SUNASS-DS,10,0,0,0,0,2023,202308,20231031
001-2023-PAS,EPSEL SA,140101,LAMBAYEQUE,CHICLAYO,CHICLAYO,Comercial,No implementar MC,219-2023-SUNASS-DS,3.58,0,0,0,0,2023,202308,20231031
PAS-0001-2023-SUNASS-ODS-PIU,EPS GRAU SA,200101,PIURA,PIURA,PIURA,Operacionales,No implementar MC,220-2023-SUNASS-DS,0.51,0,0,0,0,2023,202308,20231031
PAS-0011-2023-SUNASS-ODS-PIU,EPS GRAU SA,200101,PIURA,PIURA,PIURA,Fiscalización,"Numeral 30, item F del Anexo 4",221-2023-SUNASS-DS,15,0,0,0,0,2023,202308,20231031
PAS-006-2022-SUNASS-ODS-LOR,EPS SEDA LORETO SA,160101,LORETO,MAYNAS,IQUITOS,Operacionales y comercial,No implementar MC,222-2023-SUNASS-DS,0.12,0,0,0,0,2023,202308,20231031
PAS-001-2023-SUNASS-ODS-CAJ,EPS SEDACAJ SA,60101,CAJAMARCA,CAJAMARCA,CAJAMARCA,Fondos y/o reservas,Utilizar para fines distintos recursos del Fondo de inversiones y la reserva,223-2023-SUNASS-DS,10.45,0,0,0,1,2023,202308,20231031
005-2023-PAS,Wilber Huillca Montes (Gerente General de EPS EMUSAP ABANCAY SA),ABANCAY,ABANCAY,ABANCAY,ABANCAY,Buen gobierno corporativo,Numeral 65-O del item L del Anexo 4,224-2023-SUNASS-DS,0,1,0,0,0,2023,202308,20231031
006-2023-PAS,SEDAPAL SA,150111,LIMA,LIMA,EL AGUSTINO,Comercial,No implementar MC,225-2023-SUNASS-DS,0,0,0,1,0,2023,202308,20231031
PAS-0003-2023-SUNASS-ODS-PIU,EPS GRAU SA,200101,PIURA,PIURA,PIURA,Operacionales,No implementar MC,226-2023-SUNASS-DS,0,0,0,1,0,2023,202308,20231031
PAS-002-2023-SUNASS-ODS-CAJ,EPS SEDACAJ SA,60101,CAJAMARCA,CAJAMARCA,CAJAMARCA,Fondos y/o reservas,No efectuar desembolsos y utilizar recursos del Fondo de inversiones y reserva,227-2023-SUNASS-DS,1.09,0,0,0,1,2023,202309,20231031
PAS-0004-2023-SUNASS-ODS-PIU,EPS GRAU SA,200101,PIURA,PIURA,PIURA,Operacionales,No implementar MC,228-2023-SUNASS-DS,Multa 0.63 UIT,,,,,2023,202309,20231031
PAS-0007-2022-SUNASS-ODS-LOR,EPS SEDA LORETO SA,160101,LORETO,MAYNAS,IQUITOS,Operacionales,No implementar MC,229-2023-SUNASS-DS,0,0,0,1,0,2023,202309,20231031
PAS-001-2023-SUNASS-ODS-CHI,SEDACHIMBOTE SA,21801,ANCASH,SANTA,CHIMBOTE,Abastecimiento de agua potable en caso de interrupciones,Numeral 23-A del item C del Anexo 4,230-2023-SUNASS-DS,0,0,0,1,0,2023,202309,20231031
PAS-002-2023-SUNASS-ODS-TUM,UNIDAD EJECUTORA 002: AGUA TUMBES,240101,TUMBES,TUMBES,TUMBES,Fiscalización,"Numeral 30, item F del Anexo 4",231-2023-SUNASS-DS,0,0,0,1,0,2023,202309,20231031
PAS-0001-2023-SUNASS-ODS-PAS,EMAPA PASCO SA,190113,PASCO,PASCO,YANACANCHA,Estructura tarifaria,Numeral 2.2 del item A  del Anexo 4 (incremento tarifario),232-2023-SUNASS-DS,0,1,0,0,0,2023,202309,20231031
PAS-001-2023-SUNASS-ODS-TUM,UNIDAD EJECUTORA 002: AGUA TUMBES,240101,TUMBES,TUMBES,TUMBES,Operacionales,No implementar MC,233-2023-SUNASS-DS,0.8,0,0,0,0,2023,202309,20231031
PAS-0002-2023-SUNASS-ODS-PAS,EMAPA PASCO SA,190113,PASCO,PASCO,YANACANCHA,Estructura tarifaria,Numeral 2.1 del item A del Anexo 4 (IPM),234-2023-SUNASS-DS,0,1,0,0,0,2023,202309,20231031
PAS-0005-2023-SUNASS-ODS-PIU,EPS GRAU SA,200101,PIURA,PIURA,PIURA,Operacionales y comercial,No implementar MC,235-2023-SUNASS-DS,0.01,0,0,0,0,2023,202309,20231031
PAS-001-2023-SUNASS-ODS-ARE,SEDAPAR SA,40101,AREQUIPA,AREQUIPA,AREQUIPA,Fondos y/o reservas,No efectuar desembolsos y utilizar recursos del Fondo de inversiones,236-2023-SUNASS-DS,0,0,0,1,0,2023,202309,20231031
007-2023-PAS,SEDAPAL SA,150111,LIMA,LIMA,EL AGUSTINO,Operacionales,No implementar MC,237-2023-SUNASS-DS,0.39,0,0,0,0,2023,202309,20231031
008-2023-PAS,EPS GRAU SA,200101,PIURA,PIURA,PIURA,Operacionales,No implementar MC,238-2023-SUNASS-DS,0.02,0,0,0,0,2023,202309,20231031
111-2022-PAS,Martín Royci Soto Romero (Gte Gral EPS MOQUEGUA SA),180101,MOQUEGUA,MARISCAL NIETO,MOQUEGUA,Buen gobierno corporativo,Numeral 64 del item L del Anexo N° 4,239-2023-SUNASS-DS,0,0,1,0,0,2023,202309,20231031
PAS-0002-2023-SUNASS-ODS-PUN,EMSAPUNO SA,210101,PUNO,PUNO,PUNO,Fiscalización,"Numeral 30, item F del Anexo 4",240-2023-SUNASS-DS,0,0,0,1,0,2023,202309,20231031
010-2023-PAS,EPS MOQUEGUA SA,180101,MOQUEGUA,MARISCAL NIETO,MOQUEGUA,Cobros en exceso,No implementar MC,241-2023-SUNASS-DS,0.02,0,0,0,0,2023,202309,20231031
011-2023-PAS,EPS AGUAS DE LIMA NORTE SA,150805,LIMA,HUAURA,HUALMAY,Comercial,No implementar MC,242-2023-SUNASS-DS,0,0,0,1,0,2023,202309,20231031
002-2023-PAS,EPS AGUAS DE LIMA NORTE SA,150805,LIMA,HUAURA,HUALMAY,Fondos y/o reservas,No efectuar desembolsos en la reserva,243-2023-SUNASS-DS,0,0,0,1,0,2023,202309,20231031
012-2023-PAS,EPS GRAU SA,200101,PIURA,PIURA,PIURA,Operacionales,No implementar MC,244-2023-SUNASS-DS,0.11,0,0,0,0,2023,202309,20231031
PAS-002-2023-SUNASS-ODS-TAC,EPS TACNA SA,230101,TACNA,TACNA,TACNA,Cobros en exceso,No implementar MC,245-2023-SUNASS-DS,0.005,0,0,0,0,2023,202309,20231031
PAS-003-2023-SUNASS-ODS-PAS,EMAPA PASCO SA,190113,PASCO,PASCO,YANACANCHA,Operacionales,No implementar MC,246-2023-SUNASS-DS,0,0,0,1,0,2023,202309,20231031
014-2023-PAS,EPS GRAU SA,200101,PIURA,PIURA,PIURA,Operacionales,No implementar MC,247-2023-SUNASS-DS,1.94,0,0,0,0,2023,202309,20231031
013-2023-PAS,EPS GRAU SA,200101,PIURA,PIURA,PIURA,Operacionales,No implementar MC,248-2023-SUNASS-DS,0.085,0,0,0,0,2023,202309,20231031
017-2023-PAS,SEDAPAL SA,150111,LIMA,LIMA,EL AGUSTINO,Operacionales,No implementar MC,249-2023-SUNASS-DS,2.25,0,0,0,0,2023,202309,20231031
003-2023-PAS,SEDAPAL SA,150111,LIMA,LIMA,EL AGUSTINO,Operacionales,No implementar MC,250-2023-SUNASS-DS,0.95,0,0,0,0,2023,202309,20231031
PAS-0001-2023-SUNASS-ODS-ICA,EPS EMAPICA S.A..,110101,ICA,ICA,ICA,Cobros en exceso,No implementar MC,251-2023-SUNASS-DS,0,0,0,1,0,2023,202309,20231031
PAS-004-2023-SUNASS-ODS-PAS,EMAPA PASCO SA,190113,PASCO,PASCO,YANACANCHA,Metas de gestión,ICI a nivel de EPS y localidad menores al 80%,252-2023-SUNASS-DS,0.62,0,0,0,0,2023,202309,20231031
015-2023-PAS,EPS SEDA HUANUCO SA,HUANUCO,HUANUCO,HUANUCO,HUANUCO,Operacionales,No implementar MC,253-2023-SUNASS-DS,1.67,0,0,0,0,2023,202309,20231031
019-2023-PAS,SEDAPAL SA,150111,LIMA,LIMA,EL AGUSTINO,Operacionales,No implementar MC,254-2023-SUNASS-DS,0,0,0,1,0,2023,202309,20231031
021-2023-PAS,EPS BARRANCA SA,150201,LIMA,BARRANCA,BARRANCA,Estructura tarifaria,No aplicar ajustes por IPM,255-2023-SUNASS-DS,0,0,0,1,0,2023,202309,20231031
009-2023-PAS,EPS SEDAM HUANCAYO SA,120101,JUNIN,HUANCAYO,HUANCAYO,Fiscalización,"Numeral 30, item F del Anexo 4",256-2023-SUNASS-DS,0,0,0,0,0,2023,202309,20231031
104-2023-PAS,EPS GRAU SA,200101,PIURA,PIURA,PIURA,Operacionales,No implementar MC,257-2023-SUNASS-DS,0,0,0,0,0,2023,202309,20231031
016-2023-PAS,SEDAPAL SA,150111,LIMA,LIMA,EL AGUSTINO,Operacionales,No implementar MC,258-2023-SUNASS-DS,6.48,0,0,0,0,2023,202310,20231031
PAS-0003-2023-SUNASS-ODS-CUS,EPS EMSAPA CALCA SA,80401,CUSCO,CALCA,CALCA,Fondos y/o reservas,No efectuar desembolsos y utilizar para fines distintos los recursos reservados,259-2023-SUNASS-DS,0,1,0,0,0,2023,202310,20231031
PAS-0012-2023-SUNASS-ODS-PIU,EPS GRAU SA,200101,PIURA,PIURA,PIURA,Operacionales,Numeral 23-A del item C y 35 del item F del Anexo 4,260-2023-SUNASS-DS,0,0,0,1,0,2023,202310,20231031
PAS-0010-2023-SUNASS-ODS-LAM,EPSEL SA,140101,LAMBAYEQUE,CHICLAYO,CHICLAYO,Fiscalización,"Numeral 30, item F del Anexo 4",261-2023-SUNASS-DS,13.5,0,0,0,0,2023,202310,20231031
PAS-0004-2023-SUNASS-ODS-LAM,EPSEL SA,140101,LAMBAYEQUE,CHICLAYO,CHICLAYO,Fiscalización,"Numeral 30, item F del Anexo 4",262-2023-SUNASS-DS,13.5,0,0,0,0,2023,202310,20231031
PAS-003-2023-SUNASS-ODS-JUN,EPS SIERRA CENTRAL SRL,120701,JUNIN,TARMA,TARMA,Operacionales,No implementar MC,263-2023-SUNASS-DS,0,0,0,1,0,2023,202310,20231031
PAS-0003-2023-SUNASS-ODS-PUN,EMSAPUNO SA,210101,PUNO,PUNO,PUNO,Operacionales,No implementar MC,264-2023-SUNASS-DS,0,0,0,1,0,2023,202310,20231031
PAS-009-2023-SUNASS-ODS-CUS,EPS SEDACUSCO SA,80108,CUSCO,CUSCO,WANCHAQ,Metas de gestión,ICI a nivel de localidad menor al 80%,265-2023-SUNASS-DS,0.68,0,0,0,0,2023,202310,20231031
PAS-0008-2023-SUNASS-ODS-PIU,EPS GRAU SA,200101,PIURA,PIURA,PIURA,Operacionales,Numeral 23-A del item C y 35 del item F del Anexo 4,266-2023-SUNASS-DS,32.14,0,0,0,0,2023,202310,20231031
PAS-0006-2023-SUNASS-ODS-PUN,EMAPA Y SRL ,210101,PUNO,PUNO,PUNO,Metas de gestión,ICI a nivel de EPS  menor al 80%,267-2023-SUNASS-DS,0.49,0,0,0,0,2023,202310,20231031
020-2023-PAS,Ismael Sutta Soto (gte gral EPS SEDACUSCO S.A.),80108,CUSCO,CUSCO,WANCHAQ,Buen gobierno corporativo,Numeral 64 del item L del Anexo N° 4,268-2023-SUNASS-DS,0,0,1,0,0,2023,202310,20231031
PAS-010-2023-SUNASS-ODS-PUN,EMSAPUNO SA,210101,PUNO,PUNO,PUNO,Metas de gestión,ICG menor al 85% e ICI a nivel de EPS y localidad menores al 80%,269-2023-SUNASS-DS,43.51,0,0,0,0,2023,202310,20231031
106-2023-PAS,EPS BARRANCA SA,150201,LIMA,BARRANCA,BARRANCA,Metas de gestión,ICG menor al 85% e ICI a nivel de EPS y localidad menores al 80%,270-2023-SUNASS-DS,31.81,0,0,0,0,2023,202310,20231031
022-2023-PAS,EPS SEDACAJ SA,60101,CAJAMARCA,CAJAMARCA,CAJAMARCA,Operacionales,No implementar MC,271-2023-SUNASS-DS,2.65,0,0,0,0,2023,202310,20231031
029-2023-PAS,EPS SEDA LORETO SA,160101,LORETO,MAYNAS,IQUITOS,Operacionales,No implementar MC,272-2023-SUNASS-DS,0,0,0,1,0,2023,202310,20231031
PAS-002-2023-SUNASS-ODS-CUS,EPS EMSAPA CALCA SA,80401,CUSCO,CALCA,CALCA,Metas de gestión,ICG menor al 85% e ICI a nivel de EPS menor al 80%,273-2023-SUNASS-DS,1.03,0,0,0,0,2023,202310,20231031
PAS-0006-2023-SUNASS-ODS-PIU,EPS GRAU SA,200101,PIURA,PIURA,PIURA,Operacionales,No implementar MC,274-2023-SUNASS-DS,0.02,0,0,0,0,2023,202310,20231031
PAS-0006-2023-SUNASS-ODS-PAS,EMAPA PASCO SA,190113,PASCO,PASCO,YANACANCHA,Metas de gestión,ICG menor al 85% e ICI a nivel de EPS y localidad menores al 80%,275-2023-SUNASS-DS,3.41,0,0,0,0,2023,202310,20231031
PAS-0001-2022-SUNASS-ODS-PAS,EMAPA PASCO SA,190113,PASCO,PASCO,YANACANCHA,Cobros en exceso,No implementar MC,276-2023-SUNASS-DS,0.32,0,0,0,1,2023,202310,20231031
PAS-0007-2023-SUNASS-ODS-PIU,EPS GRAU SA,200101,PIURA,PIURA,PIURA,Operacionales,No implementar MC,277-2023-SUNASS-DS,0.004,0,0,0,0,2023,202310,20231031
PAS-001-2023-SUNASS-ODS-CAJ,EPS SEDACAJ SA,60101,CAJAMARCA,CAJAMARCA,CAJAMARCA,Rectificación de error material,Resolución 223-2023-SUNASS-DS,278-2023-SUNASS-DS,0,0,0,0,0,2023,202310,20231031
024-2023-PAS,EPS NOR PUNO S.A.,210101,PUNO,PUNO,PUNO,Operacionales,No implementar MC,279-2023-SUNASS-DS,4.71,0,0,0,0,2023,202310,20231031
PAS-001-2023-SUNASS-ODS-HUA,EMAPA HUANCAVELICA SA,90101,HUANCAVELICA,HUANCAVELICA,HUANCAVELICA,Metas de gestión,ICG menor al 85% e ICI a nivel de EPS menor al 80%,280-2023-SUNASS-DS,0.32,0,0,0,0,2023,202310,20231031
026-2023-PAS,EPS EMUSAP ABANCAY SA,ABANCAY,ABANCAY,ABANCAY,ABANCAY,Comercial,No implementar MC,281-2023-SUNASS-DS,0.05,0,0,0,0,2023,202310,20231031
023-2023-PAS,EPS EMAPA CAÑETE S.A.,150507,LIMA,CAÑETE,IMPERIAL,Fiscalización,"Numeral 30, item F del Anexo 4",282-2023-SUNASS-DS,10,0,0,0,0,2023,202310,20231031
027-2023-PAS ,EPS GRAU SA,200101,PIURA,PIURA,PIURA,Operacionales,No implementar MC,283-2023-SUNASS-DS,0.02,0,0,0,0,2023,202310,20231031
028-2023-PAS,Víctor Manuel Mondragón Villalobos (ex Gerente General de EPSEL S.A.),140101,LAMBAYEQUE,CHICLAYO,CHICLAYO,Buen gobierno corporativo,Numeral 65-O del item L del Anexo 4,284-2023-SUNASS-DS,0,1,0,0,0,2023,202310,20231031
PAS-0003-2022-SUNASS-ODS-TUM,UNIDAD EJECUTORA 002: AGUA TUMBES,240101,TUMBES,TUMBES,TUMBES,Operacionales,No implementar MC,285-2023-SUNASS-DS,8.41,0,0,0,0,2023,202310,20231031
PAS-001-2023-SUNASS-ODS-HUR,EPS CHAVIN SA,20101,ANCASH,HUARAZ,HUARAZ,Metas de gestión,ICG menor al 85% e ICI a nivel de EPS y localidad menores al 80%,286-2023-SUNASS-DS,11.86,0,0,0,0,2023,202310,20231031
PAS-0002-2023-SUNASS-ODS-JUN,EPS MUNICIPAL MANTARO SA,120401,JUNIN,JAUJA,JAUJA,PMO ,No implementar MC,287-2023-SUNASS-DS,4.55,0,0,0,0,2023,202310,20231031
